Measure,1974 Blues,Time
1,F7,0.0
1,G7,1.1666666666666667
1,D7,2.3333333333333335
2,F7,3.5
2,G7,4.666666666666667
2,D7,5.833333333333334
3,D7,7.0
4,D7,10.5
5,D7,14.0
6,D7,17.5
7,G7,21.0
8,G7,24.5
9,G7,28.0
10,G7,31.5
11,F7,35.0
11,E-17,36.166666666666664
11,D7,37.333333333333336
12,B-17,38.5
12,A-17,39.666666666666664
12,G7,40.833333333333336
13,Gmin7,42.0
13,C7,43.166666666666664
13,F7,44.333333333333336
14,E7,45.5
14,A9,47.25
