Measure,A Little Busy,Time
1,F7,0.0
2,F,2.0
2,E-1,2.5
2,D,3.0
2,C,3.5
4,F7,6.0
11,E-1,20.0
11,E,20.666666666666668
11,F,21.333333333333332
12,B-17,22.0
15,A-1,28.0
15,G,28.666666666666668
15,D,29.333333333333332
16,E-19,30.0
18,B-1min7,34.0
19,F,36.0
19,B-1,36.666666666666664
19,B,37.333333333333336
20,C13,38.0
22,B-17,42.0
24,F7,46.0
33,F7,64.0
40,F7,78.0
56,B-17,110.0
60,E-17,118.0
62,Dmin7,122.0
62,G7,123.0
64,Cmin7,126.0
65,F7,128.0
66,B-1maj7,130.0
