Measure,BluesMarch,Time
1,B-17,0.0
2,E-17,2.0
3,B-17,4.0
5,E-17,8.0
5,A-17,9.0
6,D-17,10.0
6,G-17,11.0
7,Gmin7,12.0
7,A-17,13.0
8,A7,14.0
8,B-17,14.666666666666666
8,G7,15.333333333333334
9,Cmin7,16.0
10,F7,18.0
10,B-1,19.0
11,B-17,20.0
11,D-17,21.0
12,G-17,22.0
12,B7,23.0
13,G-17,24.0
13,B7,25.0
14,B-17,26.0
14,D-17,27.0
15,G-17,28.0
15,B-1,29.0
16,D-17,30.0
16,D-17,31.0
17,G-17,32.0
17,B-1,33.0
18,B-17,34.0
