Measure,Blues on the Corner,chord_note,Time
1,Bb7,Bb,0.0
2,Eb7,Eb,2.0
2,Edim7,E,3.0
3,Bb7,Bb,4.0
3,Bb7,Bb,4.666666666666667
3,Ab7,Ab,5.333333333333333
4,Gb7,Gb,6.0
4,E7,E,6.666666666666667
4,D7,D,7.333333333333333
5,Eb7,Eb,8.0
6,Bb7,Bb,10.0
7,Bb7,Bb,12.0
7,Eb7,Eb,13.0
8,D7,D,14.0
8,G7,G,15.0
9,Cmin7,C,16.0
10,F7,F,18.0
11,Bb7,Bb,20.0
11,G7(#9),G,21.0
12,C7,C,22.0
12,F7,F,23.0
13,C7,C,24.0
13,F7,F,25.0
15,E7(#9),E,28.0
