Measure,BluesInH,Time
1,B13,0.0
2,E7,2.0
3,B13,4.0
4,B13,6.0
5,E9,8.0
6,E7,10.0
7,B13,12.0
8,B13,14.0
9,E9,16.0
10,C#min7,18.0
10,F#7sus(07),19.0
11,B7,20.0
11,E7,20.666666666666668
11,Fdim,21.333333333333332
12,B7,22.0
12,F#9,23.0
