Measure,Blues A La Mode,chord_note,Time
1,Bb7,Bb,0.0
2,Eb7,Eb,2.0
3,Bb7,Bb,4.0
4,Gmin7,G,6.0
4,Fmin7,F,6.666666666666667
4,Emin7,E,7.333333333333333
5,Eb7,Eb,8.0
6,Ab7,Ab,10.0
7,Bb7,Bb,12.0
8,Cmin7,C,14.0
8,Fmin7,F,14.666666666666666
8,G7,G,15.333333333333334
9,Dbmin7,Db,16.0
9,Gb7,Gb,17.0
10,Gbmin7,Gb,18.0
10,B7,B,18.666666666666668
10,Bb7,Bb,19.333333333333332
11,G7,G,20.0
11,Gb7,Gb,21.0
12,F7,F,22.0
12,Bb7,Bb,23.0
