Measure,Blues A La Mode,Time
1,B-17,0.0
2,E-17,2.0
3,B-17,4.0
4,Gmin7,6.0
4,Fmin7,6.666666666666667
4,Emin7,7.333333333333333
5,E-17,8.0
6,A-17,10.0
7,B-17,12.0
8,Cmin7,14.0
8,Fmin7,14.666666666666666
8,G7,15.333333333333334
9,D-1min7,16.0
9,G-17,17.0
10,G-1min7,18.0
10,B7,18.666666666666668
10,B-17,19.333333333333332
11,G7,20.0
11,G-17,21.0
12,F7,22.0
12,B-17,23.0
