Measure,Blues A La Mode,Time
1,Bb7,0.0
2,Eb7,2.0
3,Bb7,4.0
4,Gmin7,6.0
4,Fmin7,6.666666666666667
4,Emin7,7.333333333333333
5,Eb7,8.0
6,Ab7,10.0
7,Bb7,12.0
8,Cmin7,14.0
8,Fmin7,14.666666666666666
8,G7,15.333333333333334
9,Dbmin7,16.0
9,Gb7,17.0
10,Gbmin7,18.0
10,B7,18.666666666666668
10,Bb7,19.333333333333332
11,G7,20.0
11,Gb7,21.0
12,F7,22.0
12,Bb7,23.0
