Measure,BluesMarch,chord_note,Time
1,Bb7,Bb,0.0
2,Eb7,Eb,2.0
3,Bb7,Bb,4.0
5,Eb7,Eb,8.0
5,Ab7,Ab,9.0
6,Db7,Db,10.0
6,Gb7,Gb,11.0
7,Gmin7,G,12.0
7,Ab7,Ab,13.0
8,A7,A,14.0
8,Bb7,Bb,14.666666666666666
8,G7,G,15.333333333333334
9,Cmin7,C,16.0
10,F7,F,18.0
10,Bb,Bb,19.0
11,Bb7,Bb,20.0
11,Db7,Db,21.0
12,Gb7,Gb,22.0
12,B7,B,23.0
13,Gb7,Gb,24.0
13,B7,B,25.0
14,Bb7,Bb,26.0
14,Db7,Db,27.0
15,Gb7,Gb,28.0
15,Bb,Bb,29.0
16,Db7,Db,30.0
16,Db7,Db,31.0
17,Gb7,Gb,32.0
17,Bb,Bb,33.0
18,Bb7(#9),Bb,34.0
