Measure,BluesMarch,Time
1,Bb7,0.0
2,Eb7,2.0
3,Bb7,4.0
5,Eb7,8.0
5,Ab7,9.0
6,Db7,10.0
6,Gb7,11.0
7,Gmin7,12.0
7,Ab7,13.0
8,A7,14.0
8,Bb7,14.666666666666666
8,G7,15.333333333333334
9,Cmin7,16.0
10,F7,18.0
10,Bb,19.0
11,Bb7,20.0
11,Db7,21.0
12,Gb7,22.0
12,B7,23.0
13,Gb7,24.0
13,B7,25.0
14,Bb7,26.0
14,Db7,27.0
15,Gb7,28.0
15,Bb,29.0
16,Db7,30.0
16,Db7,31.0
17,Gb7,32.0
17,Bb,33.0
18,Bb7(#9),34.0
