Measure,Blues for PK,chord_note,Time
2,Bb7,Bb,2.0
6,Eb9,Eb,10.0
8,Bb7,Bb,14.0
10,F9,F,18.0
11,Eb9,Eb,20.0
12,Bb7,Bb,22.0
15,Bb7,Bb,28.0
16,Bb7,Bb,30.0
17,Bb7,Bb,32.0
18,Bb7,Bb,34.0
19,Eb9,Eb,36.0
20,Eb9,Eb,38.0
21,Bb7,Bb,40.0
22,Bb7,Bb,42.0
23,F9,F,44.0
24,Eb9,Eb,46.0
25,Bb7,Bb,48.0
25,Cmin7,C,49.0
26,F7,F,50.0
26,Eb9,Eb,50.666666666666664
26,Bb7,Bb,51.333333333333336
