Measure,Blues for PK,Time
2,B-17,2.0
6,E-19,10.0
8,B-17,14.0
10,F9,18.0
11,E-19,20.0
12,B-17,22.0
15,B-17,28.0
16,B-17,30.0
17,B-17,32.0
18,B-17,34.0
19,E-19,36.0
20,E-19,38.0
21,B-17,40.0
22,B-17,42.0
23,F9,44.0
24,E-19,46.0
25,B-17,48.0
25,Cmin7,49.0
26,F7,50.0
26,E-19,50.666666666666664
26,B-17,51.333333333333336
