Measure,Blues on the Corner,Time
1,Bb7,0.0
2,Eb7,2.0
2,Edim7,3.0
3,Bb7,4.0
3,Bb7,4.666666666666667
3,Ab7,5.333333333333333
4,Gb7,6.0
4,E7,6.666666666666667
4,D7,7.333333333333333
5,Eb7,8.0
6,Bb7,10.0
7,Bb7,12.0
7,Eb7,13.0
8,D7,14.0
8,G7,15.0
9,Cmin7,16.0
10,F7,18.0
11,Bb7,20.0
11,G7(#9),21.0
12,C7,22.0
12,F7,23.0
13,C7,24.0
13,F7,25.0
15,E7(#9),28.0
