Measure,BrazosRiverBreakdown,Time
1,Fmin7,0.0
3,Fmin7,4.0
11,B-17,20.0
13,Fmin7,24.0
19,B-17,36.0
20,B,38.0
21,Fmin7,40.0
21,Fmin7,40.5
21,Emin7,41.0
21,E-1min7,41.5
22,Dmin7,42.0
23,Dmin7,44.0
23,D-1min7,44.666666666666664
23,Cmin7,45.333333333333336
24,Gmin7,46.0
25,A-1,48.0
