Measure,ByeYa,Time
10,A6,18.0
12,A-16,22.0
14,Bmin7,26.0
15,E7,28.0
16,B-1min7,30.0
16,E-17,31.0
17,Amin7,32.0
17,D7,33.0
18,D-17,34.0
19,A-16,36.0
20,D-17,38.0
21,A-16,40.0
22,G-17,42.0
22,A-16/9,43.0
23,E9,44.0
24,B7,46.0
25,D-16,48.0
25,D6,48.666666666666664
25,E-16,49.333333333333336
