Measure,ByeYa,Time
10,A6,18.0
12,Ab6,22.0
14,Bmin7,26.0
15,E7,28.0
16,Bbmin7,30.0
16,Eb7,31.0
17,Amin7,32.0
17,D7,33.0
18,Db7,34.0
19,Ab6,36.0
20,Db7,38.0
21,Ab6,40.0
22,Gb7,42.0
22,Ab6/9(09),43.0
23,E9,44.0
24,B7(b5),46.0
25,Db6,48.0
25,D6,48.666666666666664
25,Eb6,49.333333333333336
