Measure,ByeYa,chord_note,Time
10,A6,A,18.0
12,Ab6,Ab,22.0
14,Bmin7,B,26.0
15,E7,E,28.0
16,Bbmin7,Bb,30.0
16,Eb7,Eb,31.0
17,Amin7,A,32.0
17,D7,D,33.0
18,Db7,Db,34.0
19,Ab6,Ab,36.0
20,Db7,Db,38.0
21,Ab6,Ab,40.0
22,Gb7,Gb,42.0
22,Ab6/9(09),Ab,43.0
23,E9,E,44.0
24,B7(b5),B,46.0
25,Db6,Db,48.0
25,D6,D,48.666666666666664
25,Eb6,Eb,49.333333333333336
