Measure,Cariba,Time
1,Fmin7,0.0
1,Fmin7/B-1,1.0
2,Fmin7,2.0
2,Fmin7/B-1,3.0
3,Fmin7,4.0
5,B-1min7/E-1,8.0
5,B-1min7,9.0
6,B-1min7/E-1,10.0
6,B-1min7,11.0
7,Fmin7,12.0
8,Fmin7,14.0
8,G-19,14.666666666666666
8,F13,15.333333333333334
9,A-1,16.0
9,E-113,17.0
10,A-1,18.0
11,Fmin7,20.0
11,Fmin7/B-1,21.0
12,Fmin7,22.0
12,Fmin7/B-1,23.0
