Measure,Doxy,chord_note,Time
1,Bb7,Bb,0.0
1,Ab7,Ab,1.0
2,G7,G,2.0
3,C7,C,4.0
3,F7,F,5.0
4,Bb7,Bb,6.0
4,F7,F,7.0
5,Bb7,Bb,8.0
5,Ab7,Ab,9.0
6,G7,G,10.0
7,C7,C,12.0
8,F7,F,14.0
9,Fmin7,F,16.0
10,Bb7,Bb,18.0
11,Eb7,Eb,20.0
12,Edim,E,22.0
13,Bb7,Bb,24.0
13,Ab7,Ab,25.0
14,G7,G,26.0
15,C7,C,28.0
15,C7,C,29.0
16,Bb7,Bb,30.0
16,Cmin7,C,30.666666666666668
16,F7,F,31.333333333333332
