Measure,Doxy,Time
1,B-17,0.0
1,A-17,1.0
2,G7,2.0
3,C7,4.0
3,F7,5.0
4,B-17,6.0
4,F7,7.0
5,B-17,8.0
5,A-17,9.0
6,G7,10.0
7,C7,12.0
8,F7,14.0
9,Fmin7,16.0
10,B-17,18.0
11,E-17,20.0
12,Edim,22.0
13,B-17,24.0
13,A-17,25.0
14,G7,26.0
15,C7,28.0
15,C7,29.0
16,B-17,30.0
16,Cmin7,30.666666666666668
16,F7,31.333333333333332
