Measure,Eddie Who,Time
1,B-1,0.0
1,E7,1.0
2,E-17,2.0
2,C7,2.6666666666666665
2,F,3.333333333333333
3,B-1,4.0
3,E7,5.0
4,E-17,6.0
4,C7,6.666666666666667
4,F,7.333333333333333
