Measure,Eddie Who,Time
1,Bb,0.0
1,E7(b5),1.0
2,Eb7,2.0
2,C7,2.6666666666666665
2,F,3.333333333333333
3,Bb,4.0
3,E7(b5),5.0
4,Eb7,6.0
4,C7,6.666666666666667
4,F,7.333333333333333
