Measure,feellike,Time
1,Fmin7,0.0
2,B-17,2.0
3,E-1maj7,4.0
4,D-17,6.0
4,C7,7.0
5,Fmin7,8.0
6,B-17,10.0
7,E-1maj7,12.0
8,B-1min7,14.0
8,E-17,14.666666666666666
8,A7,15.333333333333334
9,A-1maj7,16.0
10,Gmin7,18.0
11,D-17,20.0
12,Cmin7,22.0
12,A7,23.0
13,A-1maj7,24.0
14,Gmin7,26.0
15,D-17,28.0
15,Cmin7,29.0
17,F7,32.0
