Measure,feellike,Time
1,Fmin7,0.0
2,Bb7,2.0
3,Ebmaj7,4.0
4,Db7,6.0
4,C7(#9),7.0
5,Fmin7,8.0
6,Bb7,10.0
7,Ebmaj7,12.0
8,Bbmin7,14.0
8,Eb7,14.666666666666666
8,A7,15.333333333333334
9,Abmaj7,16.0
10,Gmin7,18.0
11,Db7,20.0
12,Cmin7,22.0
12,A7,23.0
13,Abmaj7,24.0
14,Gmin7,26.0
15,Db7,28.0
15,Cmin7,29.0
17,F7,32.0
