Measure,GreasyG,Time
64,B-17sus,126.0
64,F7,126.66666666666667
64,G7,127.33333333333333
65,Gmin7,128.0
66,Gmin,130.0
67,C7,132.0
68,C7,134.0
