Measure,Harlem Nocturne,Time
2,Gmajor-minor,2.0
4,Cmin7,6.0
6,Cmin(maj7),10.0
7,E-17,12.0
7,A7,12.666666666666666
7,D7,13.333333333333334
8,Gmin7,14.0
13,F7,24.0
14,B-17,26.0
14,Fmin7,27.0
15,B-17,28.0
15,Fmin7,29.0
16,B-17,30.0
16,Fmin7,31.0
17,B-17,32.0
18,E-17,34.0
18,B-1min7,35.0
19,E-17,36.0
19,B-1min7,37.0
20,B-1,38.0
23,Gmin(maj7),44.0
26,Cmin7,50.0
28,Cmin(maj7),54.0
29,E-17,56.0
29,A7,56.666666666666664
29,D7,57.333333333333336
30,Gmin7,58.0
31,Gmaj7sus,60.0
