Measure,HeadinHome,Time
1,A7(#9),0.0
3,Dmin7,4.0
6,Dmin7,10.0
10,B7(#9),18.0
12,Dmin7,22.0
15,Bb13,28.0
15,D6,28.666666666666668
15,A7,29.333333333333332
16,Ab9,30.0
16,G7,31.0
17,F#7,32.0
17,F13,33.0
18,E7(#9),34.0
18,A,35.0
19,Eb9,36.0
19,D,37.0
20,C9,38.0
21,Bb13,40.0
21,A7(#9),41.0
22,Dmin7,42.0
27,Dmin7,52.0
31,B7(#9),60.0
33,Dmin7,64.0
