Measure,HeadinHome,chord_note,Time
1,A7(#9),A,0.0
3,Dmin7,D,4.0
6,Dmin7,D,10.0
10,B7(#9),B,18.0
12,Dmin7,D,22.0
15,Bb13,Bb,28.0
15,D6,D,28.666666666666668
15,A7,A,29.333333333333332
16,Ab9,Ab,30.0
16,G7,G,31.0
17,F#7,F#,32.0
17,F13,F,33.0
18,E7(#9),E,34.0
18,A,A,35.0
19,Eb9,Eb,36.0
19,D,D,37.0
20,C9,C,38.0
21,Bb13,Bb,40.0
21,A7(#9),A,41.0
22,Dmin7,D,42.0
27,Dmin7,D,52.0
31,B7(#9),B,60.0
33,Dmin7,D,64.0
