Measure,ItsOn,Time
1,Fmin7,0.0
5,Fmin7,8.0
6,C/E,10.0
7,Fmin7/E-1,12.0
8,Bb/D,14.0
8,Eb,14.666666666666666
8,C/E,15.333333333333334
9,Bb/D,16.0
9,Eb,16.666666666666668
9,C,17.333333333333332
10,Fmin7,18.0
11,Bb9,20.0
12,Eb9,22.0
13,Db/A-1,24.0
13,Ab,24.5
13,Gmin7,25.0
13,C7(#9),25.5
14,Fmin7,26.0
15,Bb9,28.0
16,Eb9,30.0
17,Db/A-1,32.0
17,Ab,32.5
17,Gmin7,33.0
17,C7(#9),33.5
