Measure,ItsOn,chord_note,Time
1,Fmin7,F,0.0
5,Fmin7,F,8.0
6,C/E,C,10.0
7,Fmin7/Eb,F,12.0
8,Bb/D,Bb,14.0
8,Eb,Eb,14.666666666666666
8,C/E,C,15.333333333333334
9,Bb/D,Bb,16.0
9,Eb,Eb,16.666666666666668
9,C,C,17.333333333333332
10,Fmin7,F,18.0
11,Bb9,Bb,20.0
12,Eb9,Eb,22.0
13,Db/Ab,Db,24.0
13,Ab,Ab,24.5
13,Gmin7,G,25.0
13,C7(#9),C,25.5
14,Fmin7,F,26.0
15,Bb9,Bb,28.0
16,Eb9,Eb,30.0
17,Db/Ab,Db,32.0
17,Ab,Ab,32.5
17,Gmin7,G,33.0
17,C7(#9),C,33.5
