Measure,ItsOn,Time
1,Fmin7,0.0
5,Fmin7,8.0
6,C/E,10.0
7,Fmin7/E-1,12.0
8,B-1/D,14.0
8,E-1,14.666666666666666
8,C/E,15.333333333333334
9,B-1/D,16.0
9,E-1,16.666666666666668
9,C,17.333333333333332
10,Fmin7,18.0
11,B-19,20.0
12,E-19,22.0
13,D-1/A-1,24.0
13,A-1,24.5
13,Gmin7,25.0
13,C7,25.5
14,Fmin7,26.0
15,B-19,28.0
16,E-19,30.0
17,D-1/A-1,32.0
17,A-1,32.5
17,Gmin7,33.0
17,C7,33.5
