Measure,Manteca,Time
9,Bb7,16.0
13,Bb7,24.0
16,Bb7,30.0
19,Db7,36.0
19,Ab7,36.666666666666664
19,Db7,37.333333333333336
20,Gb7,38.0
20,F7,39.0
21,Abmin7,40.0
22,Db7,42.0
23,Gbmaj7,44.0
24,Cmin7,46.0
24,F7,47.0
25,Bb7,48.0
26,Eb9,50.0
26,A7,51.0
27,Abmaj7,52.0
29,Abmin7,56.0
30,Db7(#9),58.0
31,Gbmaj7,60.0
32,F#min7,62.0
32,B7,63.0
33,Fmin7,64.0
34,Bb7,66.0
35,Cmin7,68.0
36,F7,70.0
37,Bb7,72.0
42,Db7,82.0
43,Ab7,84.0
44,Db7,86.0
44,Gb7,86.66666666666667
44,F7,87.33333333333333
