Measure,Manteca,Time
9,B-17,16.0
13,B-17,24.0
16,B-17,30.0
19,D-17,36.0
19,A-17,36.666666666666664
19,D-17,37.333333333333336
20,G-17,38.0
20,F7,39.0
21,A-1min7,40.0
22,D-17,42.0
23,G-1maj7,44.0
24,Cmin7,46.0
24,F7,47.0
25,B-17,48.0
26,E-19,50.0
26,A7,51.0
27,A-1maj7,52.0
29,A-1min7,56.0
30,D-17,58.0
31,G-1maj7,60.0
32,F1min7,62.0
32,B7,63.0
33,Fmin7,64.0
34,B-17,66.0
35,Cmin7,68.0
36,F7,70.0
37,B-17,72.0
42,D-17,82.0
43,A-17,84.0
44,D-17,86.0
44,G-17,86.66666666666667
44,F7,87.33333333333333
