Measure,Mr Syms,Time
1,Cmaj7,0.0
1,C7,1.0
2,Bmaj7,2.0
2,Gdim,3.0
3,C,4.0
3,Db,5.0
4,Bb,6.0
4,Gdim,7.0
5,Fmin7,8.0
6,Fmin7,10.0
7,Cmaj7,12.0
7,C7,13.0
8,Bmaj7,14.0
8,Gdim,15.0
9,G7,16.0
9,Db,17.0
10,A6,18.0
10,B7,19.0
11,Emaj7,20.0
11,G7,21.0
12,Cmin7,22.0
12,Gmin,22.666666666666668
12,Cmin,23.333333333333332
13,Cmin,24.0
17,Fmin7,32.0
19,Cmin7,36.0
21,Ddim7,40.0
22,G7,42.0
23,C,44.0
23,D,45.0
24,Eb,46.0
24,G,47.0
