Measure,MyMama,Time
3,Bb7,4.0
7,Ab7,12.0
8,Eb7,14.0
9,Bb7,16.0
9,Eb7,16.666666666666668
9,Eb9,17.333333333333332
10,Bb7,18.0
11,Bb7,20.0
11,Eb7,20.666666666666668
11,Eb9,21.333333333333332
12,Bb7,22.0
13,Abmin7,24.0
14,Bbmin7,26.0
15,Bmaj7,28.0
16,Bbmin7,30.0
16,Amin7,31.0
17,Abmin7,32.0
18,Bbmin7,34.0
19,Bmaj7,36.0
20,Bb7,38.0
21,Bb7,40.0
25,Ab7,48.0
26,Eb7,50.0
27,Bb7,52.0
27,Eb7,52.666666666666664
27,Eb9,53.333333333333336
28,Bb7,54.0
