Measure,MyMama,Time
3,B-17,4.0
7,A-17,12.0
8,E-17,14.0
9,B-17,16.0
9,E-17,16.666666666666668
9,E-19,17.333333333333332
10,B-17,18.0
11,B-17,20.0
11,E-17,20.666666666666668
11,E-19,21.333333333333332
12,B-17,22.0
13,A-1min7,24.0
14,B-1min7,26.0
15,Bmaj7,28.0
16,B-1min7,30.0
16,Amin7,31.0
17,A-1min7,32.0
18,B-1min7,34.0
19,Bmaj7,36.0
20,B-17,38.0
21,B-17,40.0
25,A-17,48.0
26,E-17,50.0
27,B-17,52.0
27,E-17,52.666666666666664
27,E-19,53.333333333333336
28,B-17,54.0
