Measure,Outro_Transcription,Time
1,C,0.0
1,C#,0.5
1,D,1.0
1,E,1.5
2,F,2.0
2,F,2.3333333333333335
2,E,2.6666666666666665
2,Eb,3.0
2,D,3.333333333333333
2,Db,3.6666666666666665
3,C,4.0
3,C#,4.5
3,D,5.0
3,E,5.5
4,F,6.0
5,C,8.0
5,C#,8.5
5,D,9.0
5,E,9.5
6,F,10.0
6,E,10.4
6,Eb,10.8
6,D,11.2
6,Db,11.6
7,C,12.0
7,Bb,12.666666666666666
7,A,13.333333333333334
8,A,14.0
9,D,16.0
9,D#,16.5
9,E,17.0
9,F,17.5
10,F,18.0
11,G,20.0
