Measure,Root Down,Time
3,G7,4.0
6,C7,10.0
8,G7,14.0
10,Bb7(#9),18.0
10,B7(#9),18.666666666666668
10,C7(#9),19.333333333333332
11,C#7(#9),20.0
11,D7(#9),21.0
12,Eb7(#9),22.0
12,E7(#9),22.666666666666668
12,F7(#9),23.333333333333332
13,F#7(#9),24.0
13,G7(#9),25.0
14,G7,26.0
17,F7,32.0
17,F#7,33.0
