Measure,Root Down,Time
3,G7,4.0
6,C7,10.0
8,G7,14.0
10,B-17,18.0
10,B7,18.666666666666668
10,C7,19.333333333333332
11,C17,20.0
11,D7,21.0
12,E-17,22.0
12,E7,22.666666666666668
12,F7,23.333333333333332
13,F17,24.0
13,G7,25.0
14,G7,26.0
17,F7,32.0
17,F17,33.0
