Measure,Root Down,chord_note,Time
3,G7,G,4.0
6,C7,C,10.0
8,G7,G,14.0
10,Bb7(#9),Bb,18.0
10,B7(#9),B,18.666666666666668
10,C7(#9),C,19.333333333333332
11,C#7(#9),C#,20.0
11,D7(#9),D,21.0
12,Eb7(#9),Eb,22.0
12,E7(#9),E,22.666666666666668
12,F7(#9),F,23.333333333333332
13,F#7(#9),F#,24.0
13,G7(#9),G,25.0
14,G7,G,26.0
17,F7,F,32.0
17,F#7,F#,33.0
