Measure,Shut Your MouthC,Time
1,Gmin7,0.0
1,C/B-1,0.6666666666666666
1,B-1maj/C,1.3333333333333333
3,Gmin9,4.0
3,B-1maj7,4.666666666666667
3,C9,5.333333333333333
5,Gmin7,8.0
5,C/B-1,8.666666666666666
5,B-1maj7/C,9.333333333333334
7,Gmin7,12.0
7,B-1maj7,12.666666666666666
7,C9,13.333333333333334
9,Gmin7,16.0
9,C/B-1,16.666666666666668
9,B-1maj7/C,17.333333333333332
14,B-17,26.0
14,E-19,27.0
16,B-17,30.0
16,E-19,31.0
18,B-17,34.0
18,E-19,35.0
19,B-1,36.0
