Measure,Smokin,chord_note,Time
1,Emin7,E,0.0
1,A7,A,1.0
3,Dmin7,D,4.0
3,G7,G,5.0
5,C9,C,8.0
5,F7,F,9.0
7,Bbmaj7,Bb,12.0
9,A7,A,16.0
10,Eb7,Eb,18.0
11,Bb7,Bb,20.0
12,Fmin7,F,22.0
12,Bb7,Bb,23.0
13,Eb7,Eb,24.0
14,Ab7,Ab,26.0
15,Eb7,Eb,28.0
17,F7,F,32.0
17,Gb7,Gb,32.666666666666664
17,F7,F,33.333333333333336
19,Bb7,Bb,36.0
