Measure,Smokin,Time
1,Emin7,0.0
1,A7,1.0
3,Dmin7,4.0
3,G7,5.0
5,C9,8.0
5,F7,9.0
7,B-1maj7,12.0
9,A7,16.0
10,E-17,18.0
11,B-17,20.0
12,Fmin7,22.0
12,B-17,23.0
13,E-17,24.0
14,A-17,26.0
15,E-17,28.0
17,F7,32.0
17,G-17,32.666666666666664
17,F7,33.333333333333336
19,B-17,36.0
