Measure,Smokin,Time
1,Emin7,0.0
1,A7,1.0
3,Dmin7,4.0
3,G7,5.0
5,C9,8.0
5,F7,9.0
7,Bbmaj7,12.0
9,A7,16.0
10,Eb7,18.0
11,Bb7,20.0
12,Fmin7,22.0
12,Bb7,23.0
13,Eb7,24.0
14,Ab7,26.0
15,Eb7,28.0
17,F7,32.0
17,Gb7,32.666666666666664
17,F7,33.333333333333336
19,Bb7,36.0
