Measure,Sunny,Time
1,Amin7,0.0
1,A-1min7,1.0
2,Gmin7,2.0
2,C7,3.0
3,Fmaj7,4.0
4,F,6.0
4,Bmin7,6.666666666666667
4,E7,7.333333333333333
5,Amin7,8.0
5,A-1min7,9.0
6,Gmin7,10.0
6,C7,11.0
7,Fmaj7,12.0
8,F,14.0
8,Bmin7,14.666666666666666
8,E7,15.333333333333334
9,Amin7,16.0
10,C7,18.0
11,Fmaj7,20.0
12,B-17,22.0
13,Bmin7,24.0
14,E7,26.0
15,Amin7,28.0
16,E7,30.0
