Measure,TheInCrowd,chord_note,Time
1,D,D,0.0
5,D,D,8.0
13,G7,G,24.0
17,D,D,32.0
21,F#7,F#,40.0
23,B7,B,44.0
25,E7,E,48.0
27,A7,A,52.0
28,A7,A,54.0
28,Bmin7,B,54.666666666666664
28,C,C,55.333333333333336
29,C,C,56.0
