Measure,TheInCrowd,Time
1,D,0.0
5,D,8.0
13,G7,24.0
17,D,32.0
21,F17,40.0
23,B7,44.0
25,E7,48.0
27,A7,52.0
28,A7,54.0
28,Bmin7,54.666666666666664
28,C,55.333333333333336
29,C,56.0
