Measure,TomThumb,chord_note,Time
1,C,C,0.0
9,A7,A,16.0
10,C7,C,18.0
11,A7,A,20.0
12,D7,D,22.0
13,A7,A,24.0
14,C7,C,26.0
15,A7,A,28.0
16,D7,D,30.0
16,Gb7,Gb,30.666666666666668
16,F7,F,31.333333333333332
17,F7,F,32.0
18,Bmin7,B,34.0
18,E7,E,35.0
19,Cmaj7,C,36.0
20,D7,D,38.0
20,Gb7,Gb,38.666666666666664
20,F7,F,39.333333333333336
22,Bmin7,B,42.0
22,E7,E,43.0
23,F7,F,44.0
23,Cmin7,C,45.0
24,F7,F,46.0
24,Cmin7,C,47.0
25,F7,F,48.0
25,Cmin7,C,49.0
26,Bb13,Bb,50.0
