Measure,TomThumb,Time
1,C,0.0
9,A7,16.0
10,C7,18.0
11,A7,20.0
12,D7,22.0
13,A7,24.0
14,C7,26.0
15,A7,28.0
16,D7,30.0
16,Gb7,30.666666666666668
16,F7,31.333333333333332
17,F7,32.0
18,Bmin7,34.0
18,E7,35.0
19,Cmaj7,36.0
20,D7,38.0
20,Gb7,38.666666666666664
20,F7,39.333333333333336
22,Bmin7,42.0
22,E7,43.0
23,F7,44.0
23,Cmin7,45.0
24,F7,46.0
24,Cmin7,47.0
25,F7,48.0
25,Cmin7,49.0
26,Bb13,50.0
