,Measure,MrPC,chord_note,Time,C,C#,D,D#,E,F,F#,G,G#,A,A#,B
0,1,Cmin7,C,0.0,21020.447265625,6311.94775390625,17115.556640625,27662.1015625,7780.38720703125,3008.299072265625,3114.119140625,14704.1943359375,3111.190673828125,2965.0517578125,13146.2724609375,6161.80615234375
1,5,Fmin7,F,8.0,6170.80712890625,1328.2020263671875,1926.0206298828125,7903.08935546875,3537.251953125,4725.919921875,1804.5010986328125,7560.91259765625,6502.43603515625,1476.2137451171875,697.9609985351562,1388.7100830078125
2,7,Cmin7,C,12.0,13466.22265625,2398.86962890625,2383.546875,9135.1728515625,2793.7578125,651.1851196289062,877.1769409179688,4456.49072265625,930.2636108398438,1098.968994140625,6020.70703125,3234.542236328125
3,9,Ab7,Ab,16.0,1764.306640625,487.7346496582031,767.2568359375,2531.364501953125,878.9989624023438,1134.3443603515625,4683.16064453125,4757.16357421875,2207.978759765625,373.8185119628906,251.8838348388672,429.342529296875
4,10,G7,G,18.0,512.3993530273438,367.0724792480469,1301.97509765625,776.3115234375,839.7456665039062,3584.912353515625,1595.6466064453125,4041.990966796875,783.2756958007812,339.7062683105469,466.9688415527344,1965.6124267578125
5,11,Cmin7,C,20.0,20763.869140625,3692.546630859375,4042.321533203125,15301.8291015625,4444.078125,1536.4122314453125,1555.4547119140625,6725.24462890625,1457.05322265625,1902.5107421875,10595.00390625,5430.9150390625
