,Measure,OdeToBillieJoe,chord_note,Time,C,C#,D,D#,E,F,F#,G,G#,A,A#,B
0,1,D9,D,0.0,33364.69921875,12891.6611328125,32938.00390625,18887.462890625,63600.60546875,18237.400390625,42614.82421875,12064.1865234375,16934.142578125,70999.2421875,16507.091796875,28289.146484375
1,10,G9,G,18.0,467.1540222167969,378.4690856933594,1676.0518798828125,631.6314086914062,999.7236938476562,6358.91455078125,2040.6790771484375,5864.14111328125,1666.7884521484375,1124.3648681640625,541.2500610351562,1663.2969970703125
2,14,D9,D,26.0,1459.8428955078125,1407.9658203125,7135.494140625,2029.232421875,3348.762451171875,1210.3924560546875,3651.874267578125,783.5859985351562,612.6244506835938,3491.873779296875,1256.5006103515625,3225.408935546875
3,18,G9,G,34.0,447.4967346191406,368.5128173828125,1602.4664306640625,587.5532836914062,1001.283203125,6387.833984375,1829.646484375,4160.20263671875,1223.9302978515625,1089.5286865234375,524.6690063476562,1588.8095703125
4,22,D7,D,42.0,321.8641357421875,72.08338165283203,119.37454223632812,379.1513366699219,188.13063049316406,159.19203186035156,88.3715591430664,42.22444534301758,50.41194534301758,270.53399658203125,81.60015106201172,68.27869415283203
5,22,F7,F,43.0,91.01077270507812,84.37256622314453,357.7063293457031,185.9581756591797,221.86631774902344,849.4600219726562,189.3280487060547,77.48422241210938,190.7474822998047,172.870849609375,329.00958251953125,111.65255737304688
6,23,Bb7,Bb,44.0,53.73628234863281,196.1897430419922,68.50711059570312,82.80632781982422,374.4876708984375,215.31297302246094,78.16156768798828,201.3824462890625,101.5836181640625,240.9617156982422,64.32881927490234,31.433568954467773
7,23,A7,A,45.0,442.823486328125,220.9009552001953,583.2225341796875,130.73561096191406,85.9803466796875,171.5036163330078,728.8543090820312,131.9554901123047,48.000118255615234,242.468017578125,57.2716064453125,77.40398406982422
8,24,D7,D,46.0,363.9115295410156,344.9747314453125,637.83154296875,299.7955627441406,426.2416687011719,664.5597534179688,964.8180541992188,200.6956329345703,92.6695785522461,250.9254150390625,64.60539245605469,75.47887420654297
